name_ko,name_en,url
가야대학교,Kaya University,https://kayaic.kaya.ac.kr/pages/foreign_student/guide_admission.jsp
가천대학교,Gachon University,https://admission.gachon.ac.kr/admission/html/main/main.asp
가톨릭관동대학교,Catholic Kwandong University,https://ipsi.cku.ac.kr/sites/iphak/index.do
가톨릭꽃동네대학교,Kkottongnae University,https://kkot.ac.kr
가톨릭대학교,Catholic University of Korea,https://www.catholic.ac.kr/ko/academics/adm_foreigner.do
가톨릭상지대학교,Catholic Sangji College,https://csj.ac.kr
감리교신학대학교,Methodist Theological University,https://www.mtu.ac.kr/kor/CMS/Contents/Contents.do?mCode=MN147
강남대학교,Kangnam University,https://admission.kangnam.ac.kr/main.htm
강동대학교,Kangdong University,https://gangdong.ac.kr
강릉영동대학교,Gangneung Yeongdong University,https://gyu.ac.kr
강릉원주대학교,Gangneung-Wonju National University,https://iphak.gwnu.ac.kr/sites/iphak/index.do
강원관광대학교,Gangwon Tourism University,https://www.gtc.ac.kr/
강원대학교,Kangwon National University,https://admission.kangwon.ac.kr/admission/selectBbsNttList.do?bbsNo=373
강원도립대학교,Gangwon Provincial University,https://ipsi.gw.ac.kr/
개혁신학대학원대학교,Reformed Graduate University,https://rgu.ac.kr
거제대학교,Koje College,https://koje.ac.kr
건국대학교,Konkuk University,http://enter.konkuk.ac.kr/submenu.do?menuurl=k8b%2fCUaWlntKYwhT%2fh%2bKUA%3d%3d&
건국대학교 글로컬캠퍼스,Konkuk University (GLOCAL Campus),https://enter.kku.ac.kr/
건양대학교,Konyang University,https://www.konyang.ac.kr/prog/info/ipsi/sub03_01/foreigner/list.do
겐트대학교글로벌캠퍼스,Ghent University Global Campus,https://ghent.ac.kr
경기과학기술대학교,Gyeonggi University of Science and Technology,https://www.gtec.ac.kr/ipsi/index.do
경기대학교,Kyonggi University,https://www.kyonggi.ac.kr/international_kgu/contents.do?key=7538
경남대학교,Kyungnam University,https://ipsi.kyungnam.ac.kr/
경남도립거창대학,Gyeongnam Provincial Geochang College,https://www.gc.ac.kr/ipsi/2021/index.asp
경남도립남해대학,Gyeongnam Provincial Namhae College,https://univ.namhae.ac.kr/iphak/web/main/mainPage.do
경남정보대학교,Kyungnam College of Information & Technology,https://iphak.kit.ac.kr/
경동대학교,Kyungdong University,https://global.kduniv.ac.kr/iphak/
경민대학교,Kyungmin University,https://iphak.kyungmin.ac.kr/
경복대학교,Kyungbok University,https://kbu.ac.kr/kor/CMS/Contents/Contents.do?mCode=MN376
경북과학대학교,Kyongbuk College of Science,https://kbsu.ac.kr
경북대학교,Kyungpook National University,https://international.knu.ac.kr/
경북도립대학교,Gyeongbuk Provincial College,https://ipsi.gpc.ac.kr/
경북보건대학교,Gyeongbuk College of Health,https://gbhc.ac.kr
경북전문대학교,Kyungbuk College,https://kbc.ac.kr
경상국립대학교,Gyeongsang National University,https://www.gnu.ac.kr/international/cm/cntnts/cntntsView.do?mi=8178&cntntsId=4380
경성대학교,Kyungsung University,https://kscms.ks.ac.kr/ia/CMS/Contents/Contents.do?mCode=MN056
경운대학교,Kyungwoon University,https://www.ikw.ac.kr/worldle/page/3879/2759.tc?protocol=http
경인교육대학교,Gyeongin National University of Education,https://ipsi.ginue.ac.kr/
경인여자대학교,Kyungin Women's University,https://www.kic.ac.kr/
경일대학교,Kyungil University,https://ibsi.kiu.ac.kr/admission/intro_susi.htm
경희대학교,Kyung Hee University,https://iadmission.khu.ac.kr/
경희사이버대학교,Kyung Hee Cyber University,https://go.khcu.ac.kr/
계명대학교,Keimyung University,https://inco.kmu.ac.kr/sites/asiacenter/index.do
계명문화대학교,Keimyung College University,https://www.kmcu.ac.kr/admission/index.php?pCode=MN5000020
계약신학대학원대학교,Kyeyak Graduate School of Theology,https://kyeyak.ac.kr
계원예술대학교,Kaywon University of Art and Design,https://ipsi.kaywon.ac.kr/
고구려대학교,Koguryeo College,https://koguryeo.ac.kr
고려대학교,Korea University,https://oku.korea.ac.kr/oku/cms/FR_CON/index.do?MENU_ID=700
고려사이버대학교,Korea Cyber University,https://go.cuk.edu/index.do
고신대학교,Kosin University,https://global.kosin.ac.kr/ia/bbs/board.php?bo_table=contents&wr_id=6
공주교육대학교,Gongju National University of Education,https://www.gjue.ac.kr/html/ipsi/index.html
공주대학교,Kongju National University,https://ipsi.kongju.ac.kr/kor
과학기술연합대학원대학교,University of Science and Technology (UST),https://ust.ac.kr
광신대학교,Kwangshin University,https://kwangshin.ac.kr
광양대학교,Gwangyang University,https://www.gwangyang-c.ac.kr/
광양보건대학교,Gwangyang Health Sciences University,https://www.gyhu.ac.kr/
광운대학교,Kwangwoon University,https://iphak.kw.ac.kr/main.php
광주가톨릭대학교,Gwangju Catholic University,https://www.gjcatholic.ac.kr/
광주과학기술원,Gwangju Institute of Science and Technology (GIST),https://www.gist.ac.kr/gadm/
광주교육대학교,Gwangju National University of Education,https://entrance.gnue.ac.kr/
광주대학교,Gwangju University,https://iphak.gwangju.ac.kr/
광주보건대학교,Gwangju Health University,https://ipsi.ghu.ac.kr/
광주여자대학교,Kwangju Women's University,https://ipsi.kwu.ac.kr/
구미대학교,Gumi University,https://ipsi.gumi.ac.kr/admission/index.htm
국립경국대학교,Gyeongkuk National University,https://gknu.ac.kr
국립금오공과대학교,Kumoh National Institute of Technology,https://iphak.kumoh.ac.kr/
국립한밭대학교,Hanbat National University,https://www.hanbat.ac.kr/admission/
국민대학교,Kookmin University,https://iat.kookmin.ac.kr/
국제뇌교육종합대학원대학교,University of Brain Education,https://ube.ac.kr
국제대학교,Kookje University,https://kookje.ac.kr
국제사이버대학교,Gukje Cyber University,https://www.gjcu.ac.kr/
국제사이버대학교,International Cyber University,https://www.icu.ac.kr/
국제신학대학원대학교,Kukje Theological University,https://www.kits.ac.kr/
국제암대학원대학교,National Cancer Center Graduate School of Cancer Science and Policy,https://ncc.re.kr
국제어학대학원대학교,International Graduate School of Language Education,https://igse.ac.kr
군산간호대학교,Kunsan Nursing College,https://ipsi.kcn.ac.kr/
군산대학교,Kunsan National University,https://www.kunsan.ac.kr/inter/index.kunsan?menuCd=DOM_000013303001000000
군장대학교,Kunjang University College,https://enter.kunjang.ac.kr/
극동대학교,Far East University,https://ipsi.kdu.ac.kr/
글로벌사이버대학교,Global Cyber University,https://go.global.ac.kr/
금강대학교,Geumgang University,https://www.ggu.ac.kr/matriculation
기독간호대학교,Christian College of Nursing,https://www.ccn.ac.kr/Admission/
김천대학교,Gimcheon University,https://ibhak.gimcheon.ac.kr/
김포대학교,Gimpo University,https://info.kimpo.ac.kr/EnterLogin.aspx
김해대학교,Gimhae College,https://ipsi.gimhae.ac.kr/
나사렛대학교,Korea Nazarene University,https://ipsi.kornu.ac.kr/ipsi/index.do
남부대학교,Nambu University,https://ipsi.nambu.ac.kr/
남서울대학교,Namseoul University,https://www.nsu.ac.kr/
농협대학교,Agricultural Cooperative University,https://nonghyup.ac.kr
단국대학교,Dankook University,https://www.dankook.ac.kr/web/kor/-329
대경대학교,Daekyeung University,https://tk.ac.kr
대구가톨릭대학교,Daegu Catholic University,https://ibsi.cu.ac.kr/intro.html
대구경북과학기술원,Daegu Gyeongbuk Institute of Science and Technology (DGIST),https://www.dgist.ac.kr/gadm/
대구공업대학교,Daegu Technical University,https://entr.ttc.ac.kr/
대구과학대학교,Taegu Science University,https://tsu.ac.kr
대구교육대학교,Daegu National University of Education,https://admission.dnue.ac.kr/ipsi/Main.do
대구대학교,Daegu University,https://ipsi.daegu.ac.kr/kor/29/pdfViewer/CAT077
대구보건대학교,Daegu Health College,https://apply.dhc.ac.kr/main
대구사이버대학교,Daegu Cyber University,https://enter.dcu.ac.kr/
대구예술대학교,Daegu Arts University,https://ipsi.dgau.ac.kr/
대구한의대학교,Daegu Haany University,https://dhu.ac.kr
대덕대학교,Daeduk University,https://ipsi.ddu.ac.kr/index.do
대동대학교,Daedong University,https://ipsi.daedong.ac.kr/main.do
대림대학교,Daelim University,https://www.daelim.ac.kr/ent/index.do
대신대학교,Daeshin University,https://www.daeshin.ac.kr/html/02_admission/01_4.php
대원대학교,Daewon University College,https://www.daewon.ac.kr/mbs/ipsi/
대전가톨릭대학교,Catholic University of Daejeon,https://dcatholic.ac.kr
대전과학기술대학교,Daejeon Institute of Science and Technology,https://dst.ac.kr
대전대학교,Daejeon University,https://www.dju.ac.kr/intro/global/cntnts.html?mi=7425
대전보건대학교,Daejeon Health Sciences College,https://www.hit.ac.kr/
대전신학대학교,Daejeon Theological University,https://djtu.ac.kr
대진대학교,Daejin University,https://admission.daejin.ac.kr/main.do
대한신학대학원대학교,Daehan Theological Graduate University,https://daehanshin.ac.kr
덕성여자대학교,Duksung Women's University,https://enter.duksung.ac.kr/sub/?m_type=JEOEGUK
동강대학교,Donggang University,https://ipsi.dkc.ac.kr/
동국대학교,Dongguk University,https://ipsi.dongguk.edu/admission/html/abroad/guide.asp
동국대학교 WISE캠퍼스,Dongguk University (WISE/Gyeongju Campus),https://ipsi.dongguk.ac.kr/
동남보건대학교,Dongnam Health University,https://ipsi.dongnam.ac.kr/
동덕여자대학교,Dongduk Women's University,https://ipsi.dongduk.ac.kr/
동명대학교,Tongmyong University,https://www.tu.ac.kr/iphak/sub01_01.do
동방문화대학원대학교,Dongbang Culture Graduate University,https://dongbang.ac.kr
동부산대학교,Dong-Busan College,https://www.dpc.ac.kr/
동서대학교,Dongseo University,https://ipsi.dongseo.ac.kr/
동서울대학교,Dong Seoul University,https://www.dsu.ac.kr/
동신대학교,Dongshin University,https://dsu.ac.kr
동아대학교,Dong-A University,https://ent.donga.ac.kr/
동아방송예술대학교,Dong-ah Institute of Media and Arts,https://ipsi.dima.ac.kr/
동아보건대학교,Donga College of Health,https://dhc.ac.kr
동양대학교,Dongyang University,https://ipsi.dyu.ac.kr/
동양미래대학교,Dongyang Mirae University,https://ipsi.dongyang.ac.kr/dongyang_ipsi/index.do
동원대학교,Dongwon Institute of Science & Technology,https://www.dist.ac.kr/
동원대학교,Tongwon University,https://www.tw.ac.kr/
동의과학대학교,Dong-eui Institute of Technology,https://www.dit.ac.kr/ipsi/
동의대학교,Dong-eui University,https://ipsi.deu.ac.kr/main.do
동주대학교,Dongju College,https://ipsi.dongju.ac.kr/ipsi
두원공과대학교,Doowon Technical University,https://entrance.doowon.ac.kr/main.do
디지털서울문화예술대학교,Digital Seoul Culture & Arts University,https://ipsi.scau.ac.kr/Default.aspx
루터대학교,Luther University,https://admission.ltu.ac.kr/
마산대학교,Masan University,https://info.masan.ac.kr/
명지대학교,Myongji University,https://iphak.mju.ac.kr/main/index.php
명지전문대학,Myongji College,https://ipsi.mjc.ac.kr/mjcIndex.do
목원대학교,Mokwon University,https://enter.mokwon.ac.kr/
목포가톨릭대학교,Mokpo Catholic University,https://www.mcu.ac.kr/ipsi/co/contentsView.php?pageID=ipsi0203000000
목포과학대학교,Mokpo Science University,https://www.msu.ac.kr/
목포대학교,Mokpo National University,https://ipsi.mokpo.ac.kr/
목포해양대학교,Mokpo National Maritime University,https://www.mmu.ac.kr/admission/
문경대학교,Munkyung College,https://www.mkc.ac.kr/
배재대학교,Pai Chai University,https://enter.pcu.ac.kr/
배화여자대학교,Baewha Women's University,https://baewha.ac.kr
백석대학교,Baekseok University,https://ipsi.bu.ac.kr/
백석문화대학교,Baekseok Culture University,https://ipsi.bscu.ac.kr/ipsi/index.do
백석예술대학교,Baekseok Arts University,https://bau.ac.kr
백제예술대학교,Paekche Institute of the Arts,https://www.paekche.ac.kr/ict/ipsi_new/
베뢰아국제대학원대학교,Berea International Theological Graduate University,https://berea.ac.kr
벽성대학교,Byeokseong College,https://www.bs.ac.kr/
부경대학교,Pukyong National University,https://iphak.pknu.ac.kr/pknu/index.htm
부산가톨릭대학교,Catholic University of Pusan,https://cup.ac.kr
부산경상대학교,Busan Kyungsang University,https://www.bsks.ac.kr/
부산과학기술대학교,Busan Institute of Science and Technology,https://ipsi.bist.ac.kr/
부산교육대학교,Busan National University of Education,https://enter.bnue.ac.kr/
부산대학교,Pusan National University,https://go.pusan.ac.kr/
부산디지털대학교,Busan Digital University,https://www.bdu.ac.kr/ent/index.do
부산여자대학교,Busan Women's College,https://www.bwc.ac.kr/ipsi/index.asp
부산예술대학교,Busan Arts College,https://www.busanarts.ac.kr/
부산외국어대학교,Pusan University of Foreign Studies,https://enter.bufs.ac.kr/
부산장신대학교,Busan Presbyterian University,https://bpu.ac.kr
부천대학교,Bucheon University,https://ipsi.bc.ac.kr/ipsi/main.do
사이버한국외국어대학교,Cyber Hankuk University of Foreign Studies,https://go.cufs.ac.kr/
삼육대학교,Sahmyook University,https://ipsi.syu.ac.kr/
삼육보건대학교,Sahmyook Health University,https://exam.shu.ac.kr/
상명대학교,Sangmyung University,https://admission.smu.ac.kr/
상지대학교,Sangji University,https://go.sangji.ac.kr/kor/index.do
상지영서대학교,Sangji Youngseo University,https://www.sy.ac.kr/
서강대학교,Sogang University,https://admission.sogang.ac.kr/
서경대학교,Seokyeong University,https://go.skuniv.ac.kr/
서라벌대학교,Sorabol College,https://www.sorabol.ac.kr/sub2_2_a
서영대학교,Seoyeong University,https://www.seoyeong.ac.kr/
서울과학기술대학교,Seoul National University of Science and Technology,https://admission.seoultech.ac.kr/
서울과학종합대학원대학교,Seoul School of Integrated Sciences and Technologies (aSSIST),https://assist.ac.kr
서울교육대학교,Seoul National University of Education,https://admission.snue.ac.kr/
서울기독대학교,Seoul Christian University,https://admission.scu.ac.kr/
서울대학교,Seoul National University,https://admission.snu.ac.kr/international/notice
서울디지털대학교,Seoul Digital University,https://go.sdu.ac.kr/
서울미디어대학원대학교,Seoul Media Institute of Technology,https://smit.ac.kr
서울보건대학교,Seoul Health College,https://www.shjc.ac.kr/
서울사이버대학교,Seoul Cyber University,https://apply.iscu.ac.kr/
서울성경신학대학원대학교,Seoul Bible Graduate School of Theology,https://sbgst.ac.kr
서울시립대학교,University of Seoul,https://admission.uos.ac.kr/
서울신학대학교,Seoul Theological University,https://ipsi.stu.ac.kr/
서울여자간호대학교,Seoul Women's College of Nursing,https://snjc.ac.kr
서울여자대학교,Seoul Women's University,https://admission.swu.ac.kr/
서울예술대학교,Seoul Institute of the Arts,https://www.seoularts.ac.kr/
서울외국어대학원대학교,Seoul University of Foreign Studies,https://sufs.ac.kr
서울장신대학교,Seoul Jangsin University,https://www.sjs.ac.kr/admission/main/index.php
서울한영대학교,Seoul Hanyoung University,https://ipsi.hytu.ac.kr/
서원대학교,Seowon University,https://seowon.ac.kr
서일대학교,Seoil University,https://www.seoil.ac.kr/ipsi/index.do
서정대학교,Seojeong University,https://seojeong.ac.kr/iphak/index.do
선린대학교,Sunlin University,https://admission.sunlin.ac.kr/
선문대학교,Sun Moon University,https://ilove.sunmoon.ac.kr/main.do
선학유피대학원대학교,Sunhak Universal Peace Graduate University,https://supu.ac.kr
성결대학교,Sungkyul University,https://ipsi.sungkyul.ac.kr/
성공회대학교,Sungkonghoe University,https://enter.skhu.ac.kr/
성균관대학교,Sungkyunkwan University,https://admission.skku.edu/admission/html/abroad/notice.html
성덕대학교,Sungduk University,https://www.sdc.ac.kr/
성산효대학원대학교,Sungsan Hyodo Graduate School,https://hyo.ac.kr
성신여자대학교,Sungshin Women's University,https://ipsi.sungshin.ac.kr/
성심외국어대학,Sacred Heart Foreign Language College,https://www.sungsim.ac.kr/
세경대학교,Sekyung University,https://www.sekyung.ac.kr/
세계사이버대학교,World Cyber University,https://www.world.ac.kr/
세명대학교,Semyung University,https://www.semyung.ac.kr/ipsi.do
세종대학교,Sejong University,https://ipsi.sejong.ac.kr/
세종사이버대학교,Sejong Cyber University,https://go.sjcu.ac.kr/
세한대학교,Sehan University,https://iphak.sehan.ac.kr/iphak/main.do
송곡대학교,Songgok University,https://www.songgok.ac.kr/
송원대학교,Songwon University,https://iphak.songwon.ac.kr/
송호대학교,Songho University,https://www.songho.ac.kr/iphak/index.do
수도국제대학원대학교,Sudo International University,https://sudo.ac.kr
수성대학교,Suseong College,https://sc.ac.kr
수원가톨릭대학교,Suwon Catholic University,https://suwoncatholic.ac.kr
수원과학대학교,Suwon Science College,https://ipsi.ssc.ac.kr/
수원대학교,University of Suwon,https://ipsi.suwon.ac.kr/
수원여자대학교,Suwon Women's University,https://apply.swc.ac.kr/
숙명여자대학교,Sookmyung Women's University,https://admission.sookmyung.ac.kr/
순천대학교,Sunchon National University,https://www.scnu.ac.kr/iphak/main.do
순천제일대학교,Suncheon Jeil College,https://www.sjc.ac.kr/
순천향대학교,Soonchunhyang University,https://ipsi.sch.ac.kr/main.do
숭실대학교,Soongsil University,https://admission.ssu.ac.kr/
숭실사이버대학교,Soongsil Cyber University,https://www.kcu.ac/
숭의여자대학교,Soongeui Women's College,https://sewc.ac.kr
신경대학교,Shingyeong University,https://www.sgu.ac.kr/
신경주대학교,SinGyeongju University,https://gju.ac.kr
신구대학교,Shingu College,https://enter.shingu.ac.kr/
신라대학교,Silla University,https://ipsi.silla.ac.kr/
신성대학교,Shinsung University,https://ipsi.shinsung.ac.kr/main.do
신안산대학교,Shin Ansan University,https://apply.sau.ac.kr/
신한대학교,Shinhan University,https://ipsi.shinhan.ac.kr/
실천신학대학원대학교,Graduate School of Practical Theology,https://kictt.ac.kr
아시아라이프대학교,Asia LIFE University,https://asialife.ac.kr
아신대학교,ACTS University,https://www.acts.ac.kr/admission/design/index.asp
아주대학교,Ajou University,https://www.ajou.ac.kr/kr/admission/list01.do
아주자동차대학교,Ajou Motor College,https://www.motor.ac.kr/
안동과학대학교,Andong Science College,https://ipsi.asc.ac.kr/ascc/index.do
안동대학교,Andong National University,https://ipsi.anu.ac.kr/
안산대학교,Ansan University,https://iphak.ansan.ac.kr/iphak
안양대학교,Anyang University,https://enter.anyang.ac.kr/main/
여주대학교,Yeoju Institute of Technology,https://ipsi.yit.ac.kr/ipsi/index.do
연성대학교,Yeonsung University,https://ipsi.yeonsung.ac.kr/ipsi/index.do
연세대학교,Yonsei University,https://admission.yonsei.ac.kr/
연암공과대학교,Yonam Institute of Technology,https://iphak.yonam.ac.kr/
영남대학교,Yeungnam University,https://enter.yu.ac.kr/
영남사이버대학교,Yeungnam Cyber University,https://www.yncu.ac.kr/
영남신학대학교,Youngnam Theological University,https://www.yntu.ac.kr/
영남이공대학교,Yeungnam University College,https://exam.ync.ac.kr/
영동대학교,Youngdong University,https://ipsi.youngdong.ac.kr/
영산대학교,Youngsan University,https://www.ysu.ac.kr/ipsi/Main.do
영산선학대학교,Youngsan University of Son Studies,https://www.yss.ac.kr/
영진사이버대학,Yeungjin Cyber College,https://ycc.ac.kr
영진전문대학교,Yeungjin University,https://ipsi.yju.ac.kr/ipsi/index.do
예명대학원대학교,Yemyung Graduate University,https://yemyung.ac.kr
예수대학교,Jesus University,https://jesus.ac.kr
예원예술대학교,Yewon Arts University,https://www.yewon.ac.kr/
예일신학대학원대학교,Yaeil Theological Graduate University,https://yaeil.ac.kr
오산대학교,Osan University,https://iphak.osan.ac.kr/
온석대학원대학교,Onseok University,https://onseok.ac.kr
용인대학교,Yong-In University,https://yongin.ac.kr
용인예술과학대학교,Yong-In Arts & Science University,https://ipsi.ysc.ac.kr/ipsi/
우석대학교,Woosuk University,https://enter.woosuk.ac.kr/
우송대학교,Woosong University,https://ent.wsu.ac.kr/
우송정보대학,Woosong College,https://ent.wsi.ac.kr/
울산과학기술원,Ulsan National Institute of Science and Technology (UNIST),https://adm-u.unist.ac.kr/
울산과학대학교,Ulsan College,https://www.uc.ac.kr/ipsi/
울산대학교,University of Ulsan,https://www.ulsan.ac.kr/iphak/Main.do
웅지세무대학교,Woongji Tax College,https://www.woongji.ac.kr/
원광대학교,Wonkwang University,https://ipsi.wku.ac.kr/main.do
원광디지털대학교,Wonkwang Digital University,https://go.wdu.ac.kr/
원광보건대학교,Wonkwang Health Science University,https://www.wkhc.ac.kr/
원불교대학원대학교,Won Buddhism Graduate School,https://wbgs.ac.kr
웨스트민스터신학대학원대학교,Westminster Graduate School of Theology,https://wgst.ac.kr
위덕대학교,Uiduk University,https://ipsi.uu.ac.kr/
유원대학교,U1 University,https://ipsi.u1.ac.kr/
유타대학교아시아캠퍼스,University of Utah Asia Campus,https://utah.ac.kr
유한대학교,Yuhan University,https://sky.yuhan.ac.kr/
을지대학교,Eulji University,https://admission.eulji.ac.kr/
이화여자대학교,Ewha Womans University,https://admission.ewha.ac.kr/admission/html/main/main.asp
인덕대학교,Induk University,https://ipsi.induk.ac.kr/
인제대학교,Inje University,https://admission.inje.ac.kr/
인천가톨릭대학교,Incheon Catholic University,https://iccu.ac.kr
인천대학교,Incheon National University,https://admission.inu.ac.kr/main.do
인천재능대학교,Incheon Jaenoung University,https://www.jeiu.ac.kr/
인하공업전문대학,Inha Technical College,https://ipsi.inhatc.ac.kr/
인하대학교,Inha University,https://admission.inha.ac.kr/cms/FR_CON/index.do?MENU_ID=170
장로회신학대학교,Presbyterian University and Theological Seminary,https://www.puts.ac.kr/
장안대학교,Jangan University,https://iphak.jangan.ac.kr/
적십자간호대학교,Red Cross College of Nursing,https://www.crc.ac.kr/
전남과학대학교,Chunnam Techno University,https://cntu.ac.kr
전남대학교,Chonnam National University,https://admission.jnu.ac.kr/
전남도립대학교,Jeonnam Provincial College,https://www.dorip.ac.kr/iphak/index.do
전북과학대학교,Jeonbuk Science College,https://www.jbsc.ac.kr/portal/ipsi/main/main.do
전북대학교,Jeonbuk National University,https://enter.jbnu.ac.kr/submenu.do?menuurl=rOjsbGuR5i0fqsax24xcPQ%3D%3D&
전주교육대학교,Jeonju National University of Education,https://www.jnue.ac.kr/
전주기전대학,Jeonju Kijeon College,https://www.kijeon.ac.kr/
전주대학교,Jeonju University,https://jj.ac.kr
전주비전대학교,Jeonju Vision University,https://iphak.jvision.ac.kr/main/
정인대학교,Jeongin College,https://www.jeongin.ac.kr/
정화예술대학교,Jeonghwa Arts College,https://jeonghwa.ac.kr
제주관광대학교,Jeju Tourism University,https://www.ctc.ac.kr/
제주국제대학교,Jeju International University,https://apply.jeju.ac.kr/
제주대학교,Jeju National University,https://ibsi.jejunu.ac.kr/10000048
제주한라대학교,Cheju Halla University,https://ipsi.chu.ac.kr/
조선간호대학교,Chosun Nursing College,https://www.cnc.ac.kr/
조선대학교,Chosun University,https://i.chosun.ac.kr/intro
조선이공대학교,Chosun College of Science and Technology,https://cst.ac.kr
중부대학교,Joongbu University,https://ipsi.joongbu.ac.kr/ipsi/
중앙대학교,Chung-Ang University,https://admission.cau.ac.kr/main.do
중앙승가대학교,Joongang Sangha University,https://sangha.ac.kr
중원대학교,Jungwon University,https://ipsi.jwu.ac.kr/site/siteView.jwu
진주교육대학교,Jinju National University of Education,https://www.cue.ac.kr/
진주보건대학교,Jinju Health University,https://ibsi.jhc.ac.kr/
차의과학대학교,CHA University,https://admission.cha.ac.kr/
창신대학교,Changshin University,https://admission.cs.ac.kr/
창원대학교,Changwon National University,https://www.changwon.ac.kr/ipsi/
창원문성대학교,Changwon Moonsung University,https://www.cmu.ac.kr/
천안연암대학교,Cheonan Yonam University,https://www.yonam-c.ac.kr/
청강문화산업대학교,Chungkang College of Cultural Industries,https://www.chungkang.academy/
청심신학대학원대학교,Cheongshim Graduate School of Theology,https://csgst.ac.kr
청암대학교,Cheongam College,https://www.scca.ac.kr/
청운대학교,Chungwoon University,https://enter.chungwoon.ac.kr/enter/index.do
청주교육대학교,Cheongju National University of Education,https://www.cje.ac.kr/
청주대학교,Cheongju University,https://www.cju.ac.kr/ipsi/index.do
초당대학교,Chodang University,https://admission.cdu.ac.kr/
총신대학교,Chongshin University,https://www.chongshin.ac.kr/mbs/admission/
추계예술대학교,Chugye University for the Arts,https://enter.chugye.ac.kr/
춘천교육대학교,Chuncheon National University of Education,https://www.cnue.ac.kr/
춘해보건대학교,Choonhae College of Health Sciences,https://ch.ac.kr
충남대학교,Chungnam National University,https://ipsi.cnu.ac.kr/
충남도립대학교,Chungnam Provincial College,https://www.cnsu.ac.kr/
충북대학교,Chungbuk National University,https://ipsi.chungbuk.ac.kr/kor/bbs/BBSMSTR_000000000017/lst.do
충북도립대학교,Chungbuk Provincial College,https://www.cpu.ac.kr/
충북보건과학대학교,Chungbuk Health & Science University,https://enter.chsu.ac.kr/
충청대학교,Chungcheong University,https://www.ok.ac.kr/ipsi/index.do
침례신학대학교,Korea Baptist Theological University,https://ipsi.kbtus.ac.kr/index.asp
칼빈대학교,Calvin University,https://www.calvin.ac.kr/
케이씨대학교,KC University,https://www.kcu.ac.kr/
탐라대학교,Tamna University,https://www.tnu.ac.kr/
태재대학교,Taejae University,https://taejae.ac.kr
평택대학교,Pyeongtaek University,https://entrance.ptu.ac.kr/
포항공과대학교,Pohang University of Science and Technology (POSTECH),https://adm-u.postech.ac.kr/
포항대학교,Pohang College,https://ipsi.pohang.ac.kr/
한경대학교,Hankyong National University,https://ipsi.hknu.ac.kr/
한국개발연구원 국제정책대학원,KDI School,https://www.kdischool.ac.kr/
한국골프대학교,Korea Golf University,https://www.kg.ac.kr/
한국공학대학교,Tech University of Korea,https://tukorea.ac.kr
한국과학기술원,KAIST,https://admission.kaist.ac.kr/intl-undergraduate/notice
한국관광대학교,Korea Tourism College,https://www.ktc.ac.kr/
한국교원대학교,Korea National University of Education,https://ent.knue.ac.kr/
한국교통대학교,Korea National University of Transportation,https://www.ut.ac.kr/ipsi.do
한국국제대학교,International University of Korea,https://www.iuk.ac.kr/
한국기술교육대학교,KOREATECH,https://www.koreatech.ac.kr/ipsi/
한국뉴욕주립대학교,State University of New York Korea,https://sunykorea.ac.kr
한국방송통신대학교,Korea National Open University,https://admission.knou.ac.kr/
한국복지대학교,Korea National University of Welfare,https://www.knuw.ac.kr/
한국복지사이버대학,Korea Welfare Cyber College,https://kwcc.ac.kr
한국상담대학원대학교,Korea Counseling Graduate University,https://kcgu.ac.kr
한국성서대학교,Korean Bible University,https://www.bible.ac.kr/
한국에너지공과대학교,Korea Institute of Energy Technology (KENTECH),https://admission.kentech.ac.kr/ipsi
한국열린사이버대학교,Open Cyber University of Korea,https://ocu.ac.kr
한국영상대학교,Korea University of Media Arts,https://www.pro.ac.kr/
한국예술종합학교,Korea National University of Arts,https://www.karts.ac.kr/usr/gfa/guideline.do?fileUsage=GUIDELINE_COLLEGE
한국외국어대학교,Hankuk University of Foreign Studies,https://adms.hufs.ac.kr/index.do
한국전력국제원자력대학원대학교,KEPCO International Nuclear Graduate School,https://kings.ac.kr
한국전통문화대학교,Korea National University of Cultural Heritage,https://www.nuch.ac.kr/admission/main.do
한국조지메이슨대학교,George Mason University Korea,https://masonkorea.gmu.edu
한국체육대학교,Korea National Sport University,https://www.knsu.ac.kr/ipsi/rolling/application.do
한국침례신학대학교,Korea Baptist Theological Seminary,https://kbtus2.ac.kr
한국폴리텍I 서울,Korea Polytechnic I (Seoul),https://ipsi.kopo.ac.kr/
한국폴리텍대학,Korea Polytechnics (multi-campus),https://kopo.ac.kr
한국학중앙연구원,Graduate School of Korean Studies (Academy of Korean Studies),https://aks.ac.kr
한국항공대학교,Korea Aerospace University,https://ibhak.kau.ac.kr/
한국해양대학교,Korea Maritime and Ocean University,https://www.kmou.ac.kr/ipsi/
한남대학교,Hannam University,https://ibsi.hannam.ac.kr/adms4/main/index_main.asp
한동대학교,Handong Global University,https://admissions.handong.edu/
한라대학교,Halla University,https://ipsi.halla.ac.kr/
한려대학교,Hallyeo University,https://www.hanlyo.ac.kr/
한림대학교,Hallym University,https://admission.hallym.ac.kr/
한림성심대학교,Hallym Polytechnic University,https://www.hsc.ac.kr/
한서대학교,Hanseo University,https://helper.hanseo.ac.kr/html/kr/sub1/sub1_0101.html
한성대학교,Hansung University,https://enter.hansung.ac.kr/
한세대학교,Hansei University,https://www.hansei.ac.kr/
한신대학교,Hanshin University,https://ent.hs.ac.kr/
한양대학교,Hanyang University,https://go.hanyang.ac.kr/web/notice/notice_list.do?m_type=JEOEGUK
한양사이버대학교,Hanyang Cyber University,https://go.hycu.ac.kr/
한양여자대학교,Hanyang Women's University,https://www.hywoman.ac.kr/
한영대학교,Hanyeong University College,https://hanyeong.ac.kr
한일장신대학교,Hanil University and Presbyterian Theological Seminary,https://hanil.ac.kr
한중대학교,Hanjung University,https://www.hanjung.ac.kr/
합동신학대학원대학교,Hapdong Theological Seminary,https://hapdong.ac.kr
협성대학교,Hyupsung University,https://iphak.uhs.ac.kr/
혜전대학교,Hyejeon College,https://www.hj.ac.kr/
호남대학교,Honam University,https://enter.honam.ac.kr/
호남신학대학교,Honam Theological University and Seminary,https://htus.ac.kr
호산대학교,Hosan University,https://hosan.ac.kr
호서대학교,Hoseo University,https://ipsi.hoseo.ac.kr/main.do
호원대학교,Howon University,https://www.howon.ac.kr/web/_admission/
홍익대학교,Hongik University,https://www.hongik.ac.kr/kr/admission/undergraduate-admission.do
홍익대학교세종캠퍼스,Hongik University Sejong Campus,https://sejong.hongik.ac.kr
화신사이버대학교,Hwashin Cyber University,https://www.hscu.ac.kr/
횃불트리니티신학대학원대학교,Torch Trinity Graduate University,https://ttgu.ac.kr
