No,Fayl nomi,Asl fayl (Downloads\Telegram Desktop),Sana,Tavsiya etilgan joy,Izoh (ilovada),Formatlar (2_ILOVA_UCHUN_TAYYOR),Kamera,Asl o'lcham
01,01_hero_daegu-haany_2025-09-14,IMG_2196.JPG,2025-09-14,Hero (keng ekran),"Daegu Haany universiteti — Global qabul taqdimoti · 14-sentabr, 2025",16x9: 444 KB jpg · 306 KB webp | 4x5: 252 KB jpg · 157 KB webp | 1x1: 223 KB jpg · 146 KB webp,iPhone 15 Pro,5712x3213
02,02_hero-mobil_zal_2025-09-14,IMG_2163.JPG,2025-09-14,"Hero (mobil, tik)","Taqdimot zali to'la o'quvchilar · 14-sentabr, 2025",9x16: 467 KB jpg · 372 KB webp | 4x5: 345 KB jpg · 278 KB webp | 1x1: 289 KB jpg · 238 KB webp,iPhone 15 Pro,3213x5712
03,03_guruh_daegu-haany_2025-09-13,DSC03455.JPG,2025-09-13,Galereya,"Daegu Haany universiteti taqdimoti ishtirokchilari · 13-sentabr, 2025",16x9: 272 KB jpg · 145 KB webp | 4x5: 152 KB jpg · 68 KB webp | 1x1: 138 KB jpg · 67 KB webp,ILCE-7SM3,4240x2384
04,04_imzolash_kwangju_2025-10-15,DSC05353.JPG,2025-10-15,Hamkorlar qatori,"Kwangju Women's University bilan imzolash marosimi · 15-oktabr, 2025",9x16: 235 KB jpg · 119 KB webp | 4x5: 141 KB jpg · 58 KB webp | 1x1: 107 KB jpg · 46 KB webp,ILCE-7SM3,2384x4240
05,05_uchrashuv_seoyeong_2025-10-20,IMG_4589.JPG,2025-10-20,Hamkorlar qatori,"Seoyeong universiteti vakili bilan uchrashuv · 20-oktabr, 2025",9x16: 355 KB jpg · 253 KB webp | 4x5: 242 KB jpg · 167 KB webp | 1x1: 186 KB jpg · 124 KB webp,iPhone 15 Pro,3213x5712
06,06_sahna_daegu-haany_2025-09-13,DSC03396 (2).JPG,2025-09-13,Hamkorlar qatori,"Daegu Haany universiteti vakili bilan suhbat · 13-sentabr, 2025",16x9: 225 KB jpg · 115 KB webp | 4x5: 151 KB jpg · 72 KB webp | 1x1: 135 KB jpg · 73 KB webp,ILCE-7SM3,4240x2384
07,07_katta-zal_2025-01-17,IMG_7929.JPG,2025-01-17,Galereya,"Koreya universiteti vakillari bilan uchrashuv · 17-yanvar, 2025",16x9: 446 KB jpg · 305 KB webp | 4x5: 304 KB jpg · 205 KB webp | 1x1: 260 KB jpg · 181 KB webp,iPhone 13 Pro,4032x2268
08,08_koreys-mehmonlar_2024-10-20,IMG_3141.JPG,2024-10-20,Galereya,"Koreyalik universitet vakillari bilan uchrashuv · 20-oktabr, 2024",16x9: 492 KB jpg · 367 KB webp | 4x5: 355 KB jpg · 269 KB webp | 1x1: 289 KB jpg · 219 KB webp,iPhone 13 Pro,4032x2268
09,09_guruh_kwangju_2025-10-15,DSC05340.JPG,2025-10-15,Galereya,"Kwangju Women's University taqdimoti · 15-oktabr, 2025",16x9: 254 KB jpg · 142 KB webp | 4x5: 134 KB jpg · 65 KB webp | 1x1: 139 KB jpg · 81 KB webp,ILCE-7SM3,4240x2384
10,10_guruh_seoyeong_2025-10-20,IMG_4584.JPG,2025-10-20,Galereya,"Seoyeong universiteti taqdimoti · 20-oktabr, 2025",16x9: 388 KB jpg · 261 KB webp | 4x5: 258 KB jpg · 167 KB webp | 1x1: 223 KB jpg · 150 KB webp,iPhone 15 Pro,4032x2268
11,11_tinglovchilar_2025-09-13,DSC03407 (2).JPG,2025-09-13,Galereya,"Taqdimot tinglovchilari · 13-sentabr, 2025",9x16: 197 KB jpg · 97 KB webp | 4x5: 163 KB jpg · 85 KB webp | 1x1: 144 KB jpg · 80 KB webp,ILCE-7SM3,2384x4240
12,12_taqdimot_2025-09-14,IMG_2162.JPG,2025-09-14,Galereya,"Taqdimotda so'rovnoma va sovrinli o'yin · 14-sentabr, 2025",9x16: 354 KB jpg · 243 KB webp | 4x5: 235 KB jpg · 149 KB webp | 1x1: 196 KB jpg · 126 KB webp,iPhone 15 Pro,2268x4032
13,13_sovrin_2025-09-14,IMG_2174.JPG,2025-09-14,Galereya,"Faol ishtirokchilarga universitet sovg'alari · 14-sentabr, 2025",9x16: 312 KB jpg · 192 KB webp | 4x5: 195 KB jpg · 107 KB webp | 1x1: 160 KB jpg · 89 KB webp,iPhone 15 Pro,1980x3520
14,14_sovga_daegu-haany_2025-09-13,DSC03420 (2).JPG,2025-09-13,Galereya,"Daegu Haany universiteti sovg'asi · 13-sentabr, 2025",9x16: 198 KB jpg · 91 KB webp | 4x5: 154 KB jpg · 74 KB webp | 1x1: 121 KB jpg · 58 KB webp,ILCE-7SM3,2384x4240
15,15_guruh_2025-01-16,IMG_7693.JPG,2025-01-16,Galereya,"Koreya universitetlari bo'yicha uchrashuv · 16-yanvar, 2025",16x9: 373 KB jpg · 228 KB webp | 4x5: 237 KB jpg · 142 KB webp | 1x1: 210 KB jpg · 132 KB webp,iPhone 13 Pro,4032x2268
Z01,Z01_zaxira_daegu-haany-vakili_2025-09-13,DSC03391 (2).JPG,2025-09-13,Zaxira,"Daegu Haany universiteti vakili · 13-sentabr, 2025 (yaqin plan)",faqat asl fayl (3_ZAXIRA),ILCE-7SM3,4240x2384
Z02,Z02_zaxira_guruh-tinch_2025-09-13,DSC03451.JPG,2025-09-13,Zaxira,"Daegu Haany taqdimoti ishtirokchilari (tinch variant) · 13-sentabr, 2025",faqat asl fayl (3_ZAXIRA),ILCE-7SM3,4240x2384
Z03,Z03_zaxira_guruh-kwangju_2025-10-15,DSC05342.JPG,2025-10-15,Zaxira,"Kwangju Women's University taqdimoti (variant) · 15-oktabr, 2025",faqat asl fayl (3_ZAXIRA),ILCE-7SM3,4240x2384
Z04,Z04_zaxira_qol-berish_kwangju_2025-10-15,DSC05361.JPG,2025-10-15,Zaxira,"Kwangju Women's University — qo'l berib ko'rishish · 15-oktabr, 2025",faqat asl fayl (3_ZAXIRA),ILCE-7SM3,2384x4240
Z05,Z05_zaxira_suhbat_2025-09-13,DSC03434 (2).JPG,2025-09-13,Zaxira,"Universitet vakili talaba bilan · 13-sentabr, 2025",faqat asl fayl (3_ZAXIRA),ILCE-7SM3,2384x4240
Z06,Z06_zaxira_sovrin_2025-09-14,IMG_2182.JPG,2025-09-14,Zaxira,"Sovrin topshirish · 14-sentabr, 2025",faqat asl fayl (3_ZAXIRA),iPhone 15 Pro,1980x3520
Z07,Z07_zaxira_kichik-guruh_2025-09-14,IMG_2215.JPG,2025-09-14,Zaxira,"Kichik guruh, Daegu Haany futbolkasi bilan · 14-sentabr, 2025",faqat asl fayl (3_ZAXIRA),iPhone 15 Pro,4032x2268
Z08,Z08_zaxira_katta-zal-tik_2025-01-17,IMG_7932.JPG,2025-01-17,Zaxira,"Katta zal, tik kadr (bayroqlar bilan) · 17-yanvar, 2025",faqat asl fayl (3_ZAXIRA),iPhone 13 Pro,2268x4032
Z09,Z09_zaxira_koreys-mehmonlar_2025-01-16,IMG_7714.JPG,2025-01-16,Zaxira,"Koreyalik mehmonlar bilan · 16-yanvar, 2025",faqat asl fayl (3_ZAXIRA),iPhone 13 Pro,4032x2268
Z10,Z10_zaxira_guruh_2024-09-29,IMG_3377.JPG,2024-09-29,Zaxira,"Seminar ishtirokchilari · 29-sentabr, 2024",faqat asl fayl (3_ZAXIRA),iPhone 13 Pro Max,4032x2268
